country,name,continent,area,population,gdp,capitalLabel,tld,flag
http://www.wikidata.org/entity/Q889,Afghanistan,Asia,652230.0,41454761,2.0497128555E10,Kabul,http://www.wikidata.org/entity/Q37407,http://commons.wikimedia.org/wiki/Special:FilePath/Flag%20of%20the%20Taliban.svg
http://www.wikidata.org/entity/Q222,Albania,Europe,28748.0,2811655,2.354717983E10,Tirana,http://www.wikidata.org/entity/Q38291,http://commons.wikimedia.org/wiki/Special:FilePath/Flag%20of%20Albania.svg
http://www.wikidata.org/entity/Q262,Algeria,Africa,2381741.0,46164219,1.91912889421E11,Algiers,http://www.wikidata.org/entity/Q41039,http://commons.wikimedia.org/wiki/Special:FilePath/Flag%20of%20Algeria.svg
http://www.wikidata.org/entity/Q228,Andorra,Europe,468.0,87486,3.352032737E9,Andorra la Vella,http://www.wikidata.org/entity/Q36552,http://commons.wikimedia.org/wiki/Special:FilePath/Flag%20of%20Andorra.svg
http://www.wikidata.org/entity/Q916,Angola,Africa,1246700.0,36749906,1.35966802586E11,Luanda,http://www.wikidata.org/entity/Q39006,http://commons.wikimedia.org/wiki/Special:FilePath/Flag%20of%20Angola.svg
http://www.wikidata.org/entity/Q781,Antigua and Barbuda,North America,440.29,101489,1.757603704E9,St. John's,http://www.wikidata.org/entity/Q37539,http://commons.wikimedia.org/wiki/Special:FilePath/Flag%20of%20Antigua%20and%20Barbuda.svg
http://www.wikidata.org/entity/Q414,Argentina,South America,2780400.0,47327407,6.46075277525E11,Buenos Aires,http://www.wikidata.org/entity/Q38300,http://commons.wikimedia.org/wiki/Special:FilePath/Flag%20of%20Argentina.svg
http://www.wikidata.org/entity/Q399,Armenia,Asia,29743.423459,2930450,2.4085749592E10,Yerevan,http://www.wikidata.org/entity/Q37245,http://commons.wikimedia.org/wiki/Special:FilePath/Flag%20of%20Armenia.svg
http://www.wikidata.org/entity/Q21203,Aruba,North America,178.916378,106739,3.126019385E9,Oranjestad,http://www.wikidata.org/entity/Q41442,http://commons.wikimedia.org/wiki/Special:FilePath/Flag%20of%20Aruba.svg
http://www.wikidata.org/entity/Q408,Australia,Oceania,7692024.0,27614411,1.757022451653E12,Canberra,http://www.wikidata.org/entity/Q37420,http://commons.wikimedia.org/wiki/Special:FilePath/Flag%20of%20Australia%20%28converted%29.svg
http://www.wikidata.org/entity/Q40,Austria,Europe,83878.99,8979894,5.11685203845E11,Vienna,http://www.wikidata.org/entity/Q37715,http://commons.wikimedia.org/wiki/Special:FilePath/Flag%20of%20Austria.svg
http://www.wikidata.org/entity/Q227,Azerbaijan,Asia,86600.0,10180770,7.8807470588E10,Baku,http://www.wikidata.org/entity/Q38414,http://commons.wikimedia.org/wiki/Special:FilePath/Flag%20of%20Azerbaijan.svg
http://www.wikidata.org/entity/Q398,Bahrain,Asia,786.5,1569666,4.4390820479E10,Manama,http://www.wikidata.org/entity/Q39993,http://commons.wikimedia.org/wiki/Special:FilePath/Flag%20of%20Bahrain.svg
http://www.wikidata.org/entity/Q902,Bangladesh,Asia,147570.0,171466990,4.60201000095E11,Dhaka,http://www.wikidata.org/entity/Q4545424,http://commons.wikimedia.org/wiki/Special:FilePath/Flag%20of%20Bangladesh.svg
http://www.wikidata.org/entity/Q244,Barbados,North America,439.0,303431,5.637914515E9,Bridgetown,http://www.wikidata.org/entity/Q39539,http://commons.wikimedia.org/wiki/Special:FilePath/Flag%20of%20Barbados.svg
http://www.wikidata.org/entity/Q184,Belarus,Europe,207596.76,9056080,7.2793457588E10,Minsk,http://www.wikidata.org/entity/Q39870,http://commons.wikimedia.org/wiki/Special:FilePath/Flag%20of%20Belarus.svg
http://www.wikidata.org/entity/Q31,Belgium,Europe,30688.0,11825551,6.44782756682E11,Brussels,http://www.wikidata.org/entity/Q39773,http://commons.wikimedia.org/wiki/Special:FilePath/Flag%20of%20Belgium.svg
http://www.wikidata.org/entity/Q242,Belize,North America,22966.0,411106,2.824081836E9,Belmopan,http://www.wikidata.org/entity/Q39903,http://commons.wikimedia.org/wiki/Special:FilePath/Flag%20of%20Belize.svg
http://www.wikidata.org/entity/Q962,Benin,Africa,114763.0,14111034,1.9676049075E10,Porto-Novo,http://www.wikidata.org/entity/Q41100,http://commons.wikimedia.org/wiki/Special:FilePath/Flag%20of%20Benin.svg
http://www.wikidata.org/entity/Q917,Bhutan,Asia,38394.0,787424,2.539551327E9,Thimphu,http://www.wikidata.org/entity/Q40001,http://commons.wikimedia.org/wiki/Special:FilePath/Flag%20of%20Bhutan.svg
http://www.wikidata.org/entity/Q750,Bolivia,South America,1098581.0,12244159,4.3068885673E10,La Paz,http://www.wikidata.org/entity/Q40510,http://commons.wikimedia.org/wiki/Special:FilePath/Flag%20of%20Bolivia.svg
http://www.wikidata.org/entity/Q188736,Bosnia,,,,,,,
http://www.wikidata.org/entity/Q225,Bosnia and Herzegovina,Europe,51197.0,3816459,2.7514782476E10,Sarajevo,http://www.wikidata.org/entity/Q39661,http://commons.wikimedia.org/wiki/Special:FilePath/Flag%20of%20Bosnia%20and%20Herzegovina.svg
http://www.wikidata.org/entity/Q963,Botswana,Africa,581737.0,2480244,2.0352322157E10,Gaborone,http://www.wikidata.org/entity/Q40989,http://commons.wikimedia.org/wiki/Special:FilePath/Flag%20of%20Botswana.svg
http://www.wikidata.org/entity/Q155,Brazil,South America,8515767.0,213421037,1.920095560995E12,Brasília,http://www.wikidata.org/entity/Q39889,http://commons.wikimedia.org/wiki/Special:FilePath/Flag%20of%20Brazil.svg
http://www.wikidata.org/entity/Q921,Brunei,Asia,5765.313533,458949,1.6681531646E10,Bandar Seri Begawan,http://www.wikidata.org/entity/Q41199,http://commons.wikimedia.org/wiki/Special:FilePath/Flag%20of%20Brunei.svg
http://www.wikidata.org/entity/Q219,Bulgaria,Europe,110993.6,6437360,8.9040398406E10,Sofia,http://www.wikidata.org/entity/Q39029,http://commons.wikimedia.org/wiki/Special:FilePath/Flag%20of%20Bulgaria.svg
http://www.wikidata.org/entity/Q965,Burkina Faso,Africa,274200.0,23025776,2.0324617844E10,Ouagadougou,http://www.wikidata.org/entity/Q41195,http://commons.wikimedia.org/wiki/Special:FilePath/Flag%20of%20Burkina%20Faso.svg
http://www.wikidata.org/entity/Q967,Burundi,Africa,27834.0,13689450,3.33872283E9,Gitega,http://www.wikidata.org/entity/Q41988,http://commons.wikimedia.org/wiki/Special:FilePath/Flag%20of%20Burundi.svg
http://www.wikidata.org/entity/Q424,Cambodia,Asia,181035.0,17423880,2.9956769529E10,Phnom Penh,http://www.wikidata.org/entity/Q41047,http://commons.wikimedia.org/wiki/Special:FilePath/Flag%20of%20Cambodia.svg
http://www.wikidata.org/entity/Q1009,Cameroon,Africa,475442.0,28372687,4.5338285386E10,Yaoundé,http://www.wikidata.org/entity/Q40698,http://commons.wikimedia.org/wiki/Special:FilePath/Flag%20of%20Cameroon.svg
http://www.wikidata.org/entity/Q16,Canada,North America,9984670.0,36991981,2.206764E12,Ottawa,http://www.wikidata.org/entity/Q39582,http://commons.wikimedia.org/wiki/Special:FilePath/Flag%20of%20Canada%20%28Pantone%29.svg
http://www.wikidata.org/entity/Q1011,Cape Verde,Africa,4033.0,555988,2.314816792E9,Praia,http://www.wikidata.org/entity/Q41022,http://commons.wikimedia.org/wiki/Special:FilePath/Flag%20of%20Cape%20Verde.svg
http://www.wikidata.org/entity/Q929,Central African Republic,Africa,622984.0,5152421,2.516498412E9,Bangui,http://www.wikidata.org/entity/Q41191,http://commons.wikimedia.org/wiki/Special:FilePath/Flag%20of%20the%20Central%20African%20Republic.svg
http://www.wikidata.org/entity/Q657,Chad,Africa,1284000.0,19319064,1.2704149842E10,N'Djamena,http://www.wikidata.org/entity/Q43081,http://commons.wikimedia.org/wiki/Special:FilePath/Flag%20of%20Chad.svg
http://www.wikidata.org/entity/Q298,Chile,South America,756102.0,19458000,3.16713577509E11,Santiago,http://www.wikidata.org/entity/Q39885,http://commons.wikimedia.org/wiki/Special:FilePath/Flag%20of%20Chile.svg
http://www.wikidata.org/entity/Q739,Colombia,South America,1141748.0,52321152,3.43939445259E11,Bogotá,http://www.wikidata.org/entity/Q39657,http://commons.wikimedia.org/wiki/Special:FilePath/Flag%20of%20Colombia.svg
http://www.wikidata.org/entity/Q970,Comoros,Africa,2034.0,902348,1.296089479E9,Moroni,http://www.wikidata.org/entity/Q42843,http://commons.wikimedia.org/wiki/Special:FilePath/Flag%20of%20the%20Comoros.svg
http://www.wikidata.org/entity/Q26988,Cook Islands,Insular Oceania,240.0,14222,,Avarua,http://www.wikidata.org/entity/Q42270,http://commons.wikimedia.org/wiki/Special:FilePath/Flag%20of%20the%20Cook%20Islands.svg
http://www.wikidata.org/entity/Q800,Costa Rica,North America,51179.92,5265575,6.8380838316E10,San José,http://www.wikidata.org/entity/Q40973,http://commons.wikimedia.org/wiki/Special:FilePath/Flag%20of%20Costa%20Rica.svg
http://www.wikidata.org/entity/Q224,Croatia,Europe,56594.0,3871833,7.0964606465E10,Zagreb,http://www.wikidata.org/entity/Q41008,http://commons.wikimedia.org/wiki/Special:FilePath/Flag%20of%20Croatia.svg
http://www.wikidata.org/entity/Q241,Cuba,North America,109884.0,10985974,,Havana,http://www.wikidata.org/entity/Q41006,http://commons.wikimedia.org/wiki/Special:FilePath/Flag%20of%20Cuba.svg
http://www.wikidata.org/entity/Q25279,Curaçao,North America,444.0,152849,2.699612458E9,Willemstad,http://www.wikidata.org/entity/Q159410,http://commons.wikimedia.org/wiki/Special:FilePath/Flag%20of%20Cura%C3%A7ao.svg
http://www.wikidata.org/entity/Q229,Cyprus,Europe,9242.45,1344976,2.8439052741E10,Nicosia,http://www.wikidata.org/entity/Q40459,http://commons.wikimedia.org/wiki/Special:FilePath/Flag%20of%20Cyprus.svg
http://www.wikidata.org/entity/Q213,Czech Republic,Europe,78871.0,10909500,2.50681E11,Prague,http://www.wikidata.org/entity/Q37531,http://commons.wikimedia.org/wiki/Special:FilePath/Flag%20of%20the%20Czech%20Republic.svg
http://www.wikidata.org/entity/Q974,Democratic Republic of the Congo,Africa,2344858.0,105789731,5.8065953573E10,Kinshasa,http://www.wikidata.org/entity/Q40673,http://commons.wikimedia.org/wiki/Special:FilePath/Flag%20of%20the%20Democratic%20Republic%20of%20the%20Congo.svg
http://www.wikidata.org/entity/Q35,Denmark,Europe,42925.46,5822863,3.98303272764E11,Copenhagen,http://www.wikidata.org/entity/Q39509,http://commons.wikimedia.org/wiki/Special:FilePath/Flag%20of%20Denmark.svg
http://www.wikidata.org/entity/Q977,Djibouti,Africa,23200.0,1152944,3.515109075E9,Djibouti,http://www.wikidata.org/entity/Q41012,http://commons.wikimedia.org/wiki/Special:FilePath/Flag%20of%20Djibouti.svg
http://www.wikidata.org/entity/Q784,Dominica,North America,751.096551,74656,6.12048148E8,Roseau,http://www.wikidata.org/entity/Q41032,http://commons.wikimedia.org/wiki/Special:FilePath/Flag%20of%20Dominica.svg
http://www.wikidata.org/entity/Q786,Dominican Republic,North America,48670.82,10760028,1.13641857434E11,Santo Domingo,http://www.wikidata.org/entity/Q41002,http://commons.wikimedia.org/wiki/Special:FilePath/Flag%20of%20the%20Dominican%20Republic.svg
http://www.wikidata.org/entity/Q736,Ecuador,South America,257204.27,16938986,1.15049476E11,Quito,http://www.wikidata.org/entity/Q41113,http://commons.wikimedia.org/wiki/Special:FilePath/Flag%20of%20Ecuador.svg
http://www.wikidata.org/entity/Q79,Egypt,Africa,1010407.87,114535772,4.76747720365E11,Cairo,http://www.wikidata.org/entity/Q40381,http://commons.wikimedia.org/wiki/Special:FilePath/Flag%20of%20Egypt.svg
http://www.wikidata.org/entity/Q792,El Salvador,North America,21041.0,6029976,3.248872E10,San Salvador,http://www.wikidata.org/entity/Q42665,http://commons.wikimedia.org/wiki/Special:FilePath/Flag%20of%20El%20Salvador.svg
http://www.wikidata.org/entity/Q131588685,Emirate of Al Qawasim,Asia,,,,Ras al-Khaimah,,http://commons.wikimedia.org/wiki/Special:FilePath/Military%20standard%20of%20the%20House%20of%20Al%20Qasimi.svg
http://www.wikidata.org/entity/Q12191529,Emirate of Lengeh,Asia,,,,Bandar Lengeh,,http://commons.wikimedia.org/wiki/Special:FilePath/Flag%20of%20Sharjah%20and%20Ras%20Al%20Khaimah.svg
http://www.wikidata.org/entity/Q983,Equatorial Guinea,Africa,28051.0,1847549,1.2269393392E10,Ciudad de la Paz,http://www.wikidata.org/entity/Q41460,http://commons.wikimedia.org/wiki/Special:FilePath/Flag%20of%20Equatorial%20Guinea.svg
http://www.wikidata.org/entity/Q986,Eritrea,Africa,117600.0,3497000,,Asmara,http://www.wikidata.org/entity/Q41019,http://commons.wikimedia.org/wiki/Special:FilePath/Flag%20of%20Eritrea.svg
http://www.wikidata.org/entity/Q191,Estonia,Europe,45335.0,1369995,3.8100812959E10,Tallinn,http://www.wikidata.org/entity/Q38908,http://commons.wikimedia.org/wiki/Special:FilePath/Flag%20of%20Estonia.svg
http://www.wikidata.org/entity/Q1050,Eswatini,Africa,17364.0,1230506,4.854167638E9,Mbabane,http://www.wikidata.org/entity/Q43149,http://commons.wikimedia.org/wiki/Special:FilePath/Flag%20of%20Eswatini.svg
http://www.wikidata.org/entity/Q115,Ethiopia,Africa,1104300.0,128691692,1.26783472501E11,Addis Ababa,http://www.wikidata.org/entity/Q40363,http://commons.wikimedia.org/wiki/Special:FilePath/Flag%20of%20Ethiopia.svg
http://www.wikidata.org/entity/Q702,Federated States of Micronesia,Oceania,702.0,75817,4.27094119E8,Palikir,http://www.wikidata.org/entity/Q40423,http://commons.wikimedia.org/wiki/Special:FilePath/Flag%20of%20the%20Federated%20States%20of%20Micronesia.svg
http://www.wikidata.org/entity/Q712,Fiji,Insular Oceania,18274.0,926276,4.9432482E9,Suva,http://www.wikidata.org/entity/Q39878,http://commons.wikimedia.org/wiki/Special:FilePath/Flag%20of%20Fiji.svg
http://www.wikidata.org/entity/Q33,Finland,Europe,338478.34,5652881,2.96387625264E11,Helsinki,http://www.wikidata.org/entity/Q37164,http://commons.wikimedia.org/wiki/Special:FilePath/Flag%20of%20Finland.svg
http://www.wikidata.org/entity/Q142,France,Europe,643801.0,68605616,2.957879759264E12,Paris,http://www.wikidata.org/entity/Q37271,http://commons.wikimedia.org/wiki/Special:FilePath/Flag%20of%20France.svg
http://www.wikidata.org/entity/Q1000,Gabon,Africa,267667.0,2025137,4.8E9,Libreville,http://www.wikidata.org/entity/Q41784,http://commons.wikimedia.org/wiki/Special:FilePath/Flag%20of%20Gabon.svg
http://www.wikidata.org/entity/Q230,Georgia,Europe,69700.0,3717100,2.460537542E10,Tbilisi,http://www.wikidata.org/entity/Q40683,http://commons.wikimedia.org/wiki/Special:FilePath/Flag%20of%20Georgia.svg
http://www.wikidata.org/entity/Q183,Germany,Europe,357587.77,83577140,4.1212E12,Berlin,http://www.wikidata.org/entity/Q37251,http://commons.wikimedia.org/wiki/Special:FilePath/Flag%20of%20Germany.svg
http://www.wikidata.org/entity/Q117,Ghana,Africa,238535.0,32833031,7.915640941E10,Accra,http://www.wikidata.org/entity/Q41634,http://commons.wikimedia.org/wiki/Special:FilePath/Flag%20of%20Ghana.svg
http://www.wikidata.org/entity/Q41,Greece,Europe,131957.0,10482487,2.19065872466E11,Athens,http://www.wikidata.org/entity/Q37893,http://commons.wikimedia.org/wiki/Special:FilePath/Flag%20of%20Greece.svg
http://www.wikidata.org/entity/Q223,Greenland,North America,2166086.0,56609,3.235816195E9,Nuuk,http://www.wikidata.org/entity/Q41454,http://commons.wikimedia.org/wiki/Special:FilePath/Flag%20of%20Greenland.svg
http://www.wikidata.org/entity/Q769,Grenada,North America,348.5,114299,1.256413185E9,St. George's,http://www.wikidata.org/entity/Q41435,http://commons.wikimedia.org/wiki/Special:FilePath/Flag%20of%20Grenada.svg
http://www.wikidata.org/entity/Q774,Guatemala,North America,108889.0,17263239,9.5003333381E10,Guatemala City,http://www.wikidata.org/entity/Q41781,http://commons.wikimedia.org/wiki/Special:FilePath/Flag%20of%20Guatemala.svg
http://www.wikidata.org/entity/Q1006,Guinea,Africa,245857.0,12717176,2.56E10,Conakry,http://www.wikidata.org/entity/Q41761,http://commons.wikimedia.org/wiki/Special:FilePath/Flag%20of%20Guinea.svg
http://www.wikidata.org/entity/Q1007,Guinea-Bissau,Africa,36125.0,1861283,1.638517607E9,Bissau,http://www.wikidata.org/entity/Q41450,http://commons.wikimedia.org/wiki/Special:FilePath/Flag%20of%20Guinea-Bissau.svg
http://www.wikidata.org/entity/Q734,Guyana,South America,214970.0,878674,1.5357537068E10,Georgetown,http://www.wikidata.org/entity/Q41448,http://commons.wikimedia.org/wiki/Special:FilePath/Flag%20of%20Guyana.svg
http://www.wikidata.org/entity/Q790,Haiti,North America,27750.0,10981229,2.0877414952E10,Port-au-Prince,http://www.wikidata.org/entity/Q41110,http://commons.wikimedia.org/wiki/Special:FilePath/Flag%20of%20Haiti.svg
http://www.wikidata.org/entity/Q783,Honduras,North America,112492.0,8303771,3.1717700115E10,Tegucigalpa,http://www.wikidata.org/entity/Q41025,http://commons.wikimedia.org/wiki/Special:FilePath/Flag%20of%20Honduras%20%281949%E2%80%932022%2C%202026%E2%80%93present%29.svg
http://www.wikidata.org/entity/Q28,Hungary,Europe,93011.4,9603634,1.8184802223E11,Budapest,http://www.wikidata.org/entity/Q40622,http://commons.wikimedia.org/wiki/Special:FilePath/Flag%20of%20Hungary.svg
http://www.wikidata.org/entity/Q189,Iceland,Europe,103004.0,364260,2.7841648044E10,Reykjavík,http://www.wikidata.org/entity/Q39896,http://commons.wikimedia.org/wiki/Special:FilePath/Flag%20of%20Iceland.svg
http://www.wikidata.org/entity/Q668,India,Asia,3287263.0,1477519529,3.385089881935E12,New Delhi,http://www.wikidata.org/entity/Q39218,http://commons.wikimedia.org/wiki/Special:FilePath/Flag%20of%20India.svg
http://www.wikidata.org/entity/Q252,Indonesia,Asia,1904570.0,275439000,1.319100220389E12,Jakarta,http://www.wikidata.org/entity/Q41102,http://commons.wikimedia.org/wiki/Special:FilePath/Flag%20of%20Indonesia.svg
http://www.wikidata.org/entity/Q794,Iran,Asia,1648195.0,92417700,3.8854446814E11,Tehran,http://www.wikidata.org/entity/Q41774,http://commons.wikimedia.org/wiki/Special:FilePath/Flag%20of%20Iran.svg
http://www.wikidata.org/entity/Q796,Iraq,Asia,437072.0,38274618,2.64182173793E11,Baghdad,http://www.wikidata.org/entity/Q41768,http://commons.wikimedia.org/wiki/Special:FilePath/Flag%20of%20Iraq.svg
http://www.wikidata.org/entity/Q27,Ireland,Europe,69797.0,5149139,5.29244870223E11,Dublin,http://www.wikidata.org/entity/Q39382,http://commons.wikimedia.org/wiki/Special:FilePath/Flag%20of%20Ireland.svg
http://www.wikidata.org/entity/Q801,Israel,Asia,20770.0,9840000,5.207E11,Jerusalem,http://www.wikidata.org/entity/Q40467,http://commons.wikimedia.org/wiki/Special:FilePath/Flag%20of%20Israel.svg
http://www.wikidata.org/entity/Q38,Italy,Europe,302068.0,58850717,2.114355756914E12,Rome,http://www.wikidata.org/entity/Q39155,http://commons.wikimedia.org/wiki/Special:FilePath/Flag%20of%20Italy.svg
http://www.wikidata.org/entity/Q1008,Ivory Coast,Africa,322463.0,31165654,7.1811075955E10,Yamoussoukro,http://www.wikidata.org/entity/Q40333,http://commons.wikimedia.org/wiki/Special:FilePath/Flag%20of%20C%C3%B4te%20d%27Ivoire.svg
http://www.wikidata.org/entity/Q766,Jamaica,North America,10991.90954,2697983,1.7097760745E10,Kingston,http://www.wikidata.org/entity/Q41943,http://commons.wikimedia.org/wiki/Special:FilePath/Flag%20of%20Jamaica.svg
http://www.wikidata.org/entity/Q17,Japan,Asia,377972.28,123802000,5.005536736792E12,Tokyo,http://www.wikidata.org/entity/Q39132,http://commons.wikimedia.org/wiki/Special:FilePath/Flag%20of%20Japan.svg
http://www.wikidata.org/entity/Q810,Jordan,Asia,89341.0,10428241,4.7451499859E10,Amman,http://www.wikidata.org/entity/Q42634,http://commons.wikimedia.org/wiki/Special:FilePath/Flag%20of%20Jordan.svg
http://www.wikidata.org/entity/Q232,Kazakhstan,Europe,2724900.0,20139914,2.20623001967E11,Astana,http://www.wikidata.org/entity/Q40619,http://commons.wikimedia.org/wiki/Special:FilePath/Flag%20of%20Kazakhstan.svg
http://www.wikidata.org/entity/Q114,Kenya,Africa,581309.0,48468138,1.13420008179E11,Nairobi,http://www.wikidata.org/entity/Q42695,http://commons.wikimedia.org/wiki/Special:FilePath/Flag%20of%20Kenya.svg
http://www.wikidata.org/entity/Q29999,Kingdom of the Netherlands,Europe,42201.0,17100715,8.3057261885E11,Amsterdam,http://www.wikidata.org/entity/Q493202,http://commons.wikimedia.org/wiki/Special:FilePath/Flag%20of%20the%20Netherlands.svg
http://www.wikidata.org/entity/Q710,Kiribati,Insular Oceania,811.0,134518,2.27610035E8,Tarawa,http://www.wikidata.org/entity/Q42030,http://commons.wikimedia.org/wiki/Special:FilePath/Flag%20of%20Kiribati.svg
http://www.wikidata.org/entity/Q1246,Kosovo,Europe,10909.0,1586659,9.429156202E9,Pristina,,http://commons.wikimedia.org/wiki/Special:FilePath/Flag%20of%20Kosovo.svg
http://www.wikidata.org/entity/Q817,Kuwait,Asia,17818.0,4464000,1.84558274289E11,Kuwait City,http://www.wikidata.org/entity/Q42672,http://commons.wikimedia.org/wiki/Special:FilePath/Flag%20of%20Kuwait.svg
http://www.wikidata.org/entity/Q813,Kyrgyzstan,Asia,199951.0,7281800,1.0930644915E10,Bishkek,http://www.wikidata.org/entity/Q41723,http://commons.wikimedia.org/wiki/Special:FilePath/Flag%20of%20Kyrgyzstan.svg
http://www.wikidata.org/entity/Q819,Laos,Asia,236800.0,6858160,1.882714853E10,Vientiane,http://www.wikidata.org/entity/Q41926,http://commons.wikimedia.org/wiki/Special:FilePath/Flag%20of%20Laos.svg
http://www.wikidata.org/entity/Q211,Latvia,Europe,62226.85,1856932,4.1153912663E10,Riga,http://www.wikidata.org/entity/Q41629,http://commons.wikimedia.org/wiki/Special:FilePath/Flag%20of%20Latvia.svg
http://www.wikidata.org/entity/Q822,Lebanon,Asia,10452.0,6100075,2.3131941557E10,Beirut,http://www.wikidata.org/entity/Q41835,http://commons.wikimedia.org/wiki/Special:FilePath/Flag%20of%20Lebanon.svg
http://www.wikidata.org/entity/Q1013,Lesotho,Africa,30355.0,2007201,2.553459763E9,Maseru,http://www.wikidata.org/entity/Q41794,http://commons.wikimedia.org/wiki/Special:FilePath/Flag%20of%20Lesotho.svg
http://www.wikidata.org/entity/Q1014,Liberia,Africa,111369.0,5214030,4.00104715E9,Monrovia,http://www.wikidata.org/entity/Q42847,http://commons.wikimedia.org/wiki/Special:FilePath/Flag%20of%20Liberia.svg
http://www.wikidata.org/entity/Q1016,Libya,Africa,1759541.0,7381023,4.5752336036E10,Tripoli,http://www.wikidata.org/entity/Q42035,http://commons.wikimedia.org/wiki/Special:FilePath/Flag%20of%20Libya.svg
http://www.wikidata.org/entity/Q347,Liechtenstein,Europe,160.0,37922,7.186428783E9,Vaduz,http://www.wikidata.org/entity/Q42641,http://commons.wikimedia.org/wiki/Special:FilePath/Flag%20of%20Liechtenstein.svg
http://www.wikidata.org/entity/Q37,Lithuania,Europe,65300.0,2860002,7.0334299008E10,Vilnius,http://www.wikidata.org/entity/Q39900,http://commons.wikimedia.org/wiki/Special:FilePath/Flag%20of%20Lithuania.svg
http://www.wikidata.org/entity/Q32,Luxembourg,Europe,2586.36,681973,8.5506243834E10,Luxembourg,http://www.wikidata.org/entity/Q41795,http://commons.wikimedia.org/wiki/Special:FilePath/Flag%20of%20Luxembourg.svg
http://www.wikidata.org/entity/Q1019,Madagascar,Africa,587295.0,31964956,1.4954967604E10,Antananarivo,http://www.wikidata.org/entity/Q42781,http://commons.wikimedia.org/wiki/Special:FilePath/Flag%20of%20Madagascar.svg
http://www.wikidata.org/entity/Q1020,Malawi,Africa,118484.0,17563749,1.3164667627E10,Lilongwe,http://www.wikidata.org/entity/Q43073,http://commons.wikimedia.org/wiki/Special:FilePath/Flag%20of%20Malawi.svg
http://www.wikidata.org/entity/Q833,Malaysia,Asia,330803.0,32447385,4.06305924656E11,Kuala Lumpur,http://www.wikidata.org/entity/Q43127,http://commons.wikimedia.org/wiki/Special:FilePath/Flag%20of%20Malaysia.svg
http://www.wikidata.org/entity/Q826,Maldives,Asia,298.0,436330,6.189865408E9,Malé,http://www.wikidata.org/entity/Q43753,http://commons.wikimedia.org/wiki/Special:FilePath/Flag%20of%20Maldives.svg
http://www.wikidata.org/entity/Q912,Mali,Africa,1240192.0,20250833,1.9309463506E10,Bamako,http://www.wikidata.org/entity/Q42026,http://commons.wikimedia.org/wiki/Special:FilePath/Flag%20of%20Mali.svg
http://www.wikidata.org/entity/Q233,Malta,Europe,316.0,553214,1.7765270015E10,Valletta,http://www.wikidata.org/entity/Q41856,http://commons.wikimedia.org/wiki/Special:FilePath/Flag%20of%20Malta.svg
http://www.wikidata.org/entity/Q709,Marshall Islands,Oceania,181.43,53127,2.796679E8,Majuro,http://www.wikidata.org/entity/Q41789,http://commons.wikimedia.org/wiki/Special:FilePath/Flag%20of%20the%20Marshall%20Islands.svg
http://www.wikidata.org/entity/Q1025,Mauritania,Africa,1030700.0,4736139,1.037546068E10,Nouakchott,http://www.wikidata.org/entity/Q42653,http://commons.wikimedia.org/wiki/Special:FilePath/Flag%20of%20Mauritania.svg
http://www.wikidata.org/entity/Q1027,Mauritius,Africa,2040.0,1264613,1.2898307089E10,Port Louis,http://www.wikidata.org/entity/Q43076,http://commons.wikimedia.org/wiki/Special:FilePath/Flag%20of%20Mauritius.svg
http://www.wikidata.org/entity/Q96,Mexico,North America,1964375.0,132274416,1.414187193992E12,Mexico City,http://www.wikidata.org/entity/Q40979,http://commons.wikimedia.org/wiki/Special:FilePath/Flag%20of%20Mexico.svg
http://www.wikidata.org/entity/Q217,Moldova,Europe,33843.5,2409207,1.4420947884E10,Chișinău,http://www.wikidata.org/entity/Q40324,http://commons.wikimedia.org/wiki/Special:FilePath/Flag%20of%20Moldova.svg
http://www.wikidata.org/entity/Q235,Monaco,Europe,2.08,38857,8.596156574E9,Monaco City,http://www.wikidata.org/entity/Q42020,http://commons.wikimedia.org/wiki/Special:FilePath/Flag%20of%20Monaco.svg
http://www.wikidata.org/entity/Q711,Mongolia,Asia,1564116.0,3409939,1.6810883361E10,Ulaanbaatar,http://www.wikidata.org/entity/Q42873,http://commons.wikimedia.org/wiki/Special:FilePath/Flag%20of%20Mongolia.svg
http://www.wikidata.org/entity/Q236,Montenegro,Europe,13883.0,617213,6.095978868E9,Podgorica,http://www.wikidata.org/entity/Q43673,http://commons.wikimedia.org/wiki/Special:FilePath/Flag%20of%20Montenegro.svg
http://www.wikidata.org/entity/Q1028,Morocco,Africa,446550.0,36828330,1.42866583125E11,Rabat,http://www.wikidata.org/entity/Q41439,http://commons.wikimedia.org/wiki/Special:FilePath/Flag%20of%20Morocco.svg
http://www.wikidata.org/entity/Q1029,Mozambique,Africa,801590.0,29668834,1.7851491428E10,Maputo,http://www.wikidata.org/entity/Q43131,http://commons.wikimedia.org/wiki/Special:FilePath/Flag%20of%20Mozambique.svg
http://www.wikidata.org/entity/Q836,Myanmar,Asia,676577.2,53370609,6.5124769602E10,Naypyidaw,http://www.wikidata.org/entity/Q41636,http://commons.wikimedia.org/wiki/Special:FilePath/Flag%20of%20Myanmar.svg
http://www.wikidata.org/entity/Q1030,Namibia,Africa,825615.0,2533794,1.2607436976E10,Windhoek,http://www.wikidata.org/entity/Q42758,http://commons.wikimedia.org/wiki/Special:FilePath/Flag%20of%20Namibia.svg
http://www.wikidata.org/entity/Q697,Nauru,Oceania,21.0,13650,1.50922211E8,Yaren District,http://www.wikidata.org/entity/Q42689,http://commons.wikimedia.org/wiki/Special:FilePath/Flag%20of%20Nauru.svg
http://www.wikidata.org/entity/Q837,Nepal,Asia,147181.254346,29164578,4.0828247302E10,Kathmandu,http://www.wikidata.org/entity/Q43582,http://commons.wikimedia.org/wiki/Special:FilePath/Flag%20of%20Nepal.svg
http://www.wikidata.org/entity/Q55,Netherlands,Europe,37378.0,17942942,1.011798853062E12,Amsterdam,http://www.wikidata.org/entity/Q493202,http://commons.wikimedia.org/wiki/Special:FilePath/Flag%20of%20the%20Netherlands.svg
http://www.wikidata.org/entity/Q664,New Zealand,Oceania,268021.0,5307800,2.55551704626E11,Wellington,http://www.wikidata.org/entity/Q42019,http://commons.wikimedia.org/wiki/Special:FilePath/Flag%20of%20New%20Zealand.svg
http://www.wikidata.org/entity/Q811,Nicaragua,North America,120340.0,5142098,1.5671583878E10,Managua,http://www.wikidata.org/entity/Q487644,http://commons.wikimedia.org/wiki/Special:FilePath/Flag%20of%20Nicaragua.svg
http://www.wikidata.org/entity/Q1032,Niger,Africa,1267000.0,21477348,1.4915002098E10,Niamey,http://www.wikidata.org/entity/Q43158,http://commons.wikimedia.org/wiki/Special:FilePath/Flag%20of%20Niger.svg
http://www.wikidata.org/entity/Q1033,Nigeria,Africa,923768.0,211400708,4.77386120636E11,Abuja,http://www.wikidata.org/entity/Q43151,http://commons.wikimedia.org/wiki/Special:FilePath/Flag%20of%20Nigeria.svg
http://www.wikidata.org/entity/Q34020,Niue,Insular Oceania,260.0,1821,,Alofi,http://www.wikidata.org/entity/Q44921,http://commons.wikimedia.org/wiki/Special:FilePath/Flag%20of%20Niue.svg
http://www.wikidata.org/entity/Q423,North Korea,Asia,120540.0,26418204,,Pyongyang,http://www.wikidata.org/entity/Q42172,http://commons.wikimedia.org/wiki/Special:FilePath/Flag%20of%20North%20Korea.svg
http://www.wikidata.org/entity/Q221,North Macedonia,Europe,25713.0,1836713,1.3825049832E10,Skopje,http://www.wikidata.org/entity/Q41319,http://commons.wikimedia.org/wiki/Special:FilePath/Flag%20of%20North%20Macedonia.svg
http://www.wikidata.org/entity/Q23681,Northern Cyprus,Asia,3355.0,476214,,North Nicosia,http://www.wikidata.org/entity/Q41104,http://commons.wikimedia.org/wiki/Special:FilePath/Flag%20of%20the%20Turkish%20Republic%20of%20Northern%20Cyprus.svg
http://www.wikidata.org/entity/Q20,Norway,Europe,385207.0,5627400,5.79267365866E11,Oslo,http://www.wikidata.org/entity/Q41060,http://commons.wikimedia.org/wiki/Special:FilePath/Flag%20of%20Norway.svg
http://www.wikidata.org/entity/Q842,Oman,Asia,309500.0,4829480,1.14667360208E11,Muscat,http://www.wikidata.org/entity/Q43132,http://commons.wikimedia.org/wiki/Special:FilePath/Flag%20of%20Oman.svg
http://www.wikidata.org/entity/Q107258515,Pahlavi Iran,Asia,648195.0,,,Tehran,,http://commons.wikimedia.org/wiki/Special:FilePath/State%20flag%20of%20Iran%20%281964%E2%80%931980%29.svg
http://www.wikidata.org/entity/Q843,Pakistan,Asia,881913.0,223773700,3.76532751807E11,Islamabad,http://www.wikidata.org/entity/Q43150,http://commons.wikimedia.org/wiki/Special:FilePath/Flag%20of%20Pakistan.svg
http://www.wikidata.org/entity/Q695,Palau,Insular Oceania,465.550362,21729,2.178E8,Ngerulmud,http://www.wikidata.org/entity/Q44083,http://commons.wikimedia.org/wiki/Special:FilePath/Flag%20of%20Palau.svg
http://www.wikidata.org/entity/Q219060,Palestine,Asia,6020.0,5227193,1.91119E10,Ramallah,http://www.wikidata.org/entity/Q43908,http://commons.wikimedia.org/wiki/Special:FilePath/Flag%20of%20Palestine.svg
http://www.wikidata.org/entity/Q804,Panama,North America,74177.3,4570133,7.6522511781E10,Panama City,http://www.wikidata.org/entity/Q41948,http://commons.wikimedia.org/wiki/Special:FilePath/Flag%20of%20Panama.svg
http://www.wikidata.org/entity/Q691,Papua New Guinea,Oceania,462840.0,8935000,3.0633444295E10,Port Moresby,http://www.wikidata.org/entity/Q43147,http://commons.wikimedia.org/wiki/Special:FilePath/Flag%20of%20Papua%20New%20Guinea.svg
http://www.wikidata.org/entity/Q733,Paraguay,South America,406756.0,6811297,4.1722295362E10,Asunción,http://www.wikidata.org/entity/Q43161,http://commons.wikimedia.org/wiki/Special:FilePath/Flag%20of%20Paraguay.svg
http://www.wikidata.org/entity/Q148,People's Republic of China,Asia,9596961.0,1442965000,1.796317052108E13,Beijing,http://www.wikidata.org/entity/Q38900,http://commons.wikimedia.org/wiki/Special:FilePath/Flag%20of%20the%20People%27s%20Republic%20of%20China.svg
http://www.wikidata.org/entity/Q419,Peru,South America,1285216.0,33726000,2.42631549613E11,Lima,http://www.wikidata.org/entity/Q41954,http://commons.wikimedia.org/wiki/Special:FilePath/Flag%20of%20Peru.svg
http://www.wikidata.org/entity/Q928,Philippines,Asia,343448.0,112729484,4.04284327312E11,Manila,http://www.wikidata.org/entity/Q41840,http://commons.wikimedia.org/wiki/Special:FilePath/Flag%20of%20the%20Philippines.svg
http://www.wikidata.org/entity/Q36,Poland,Europe,312683.0,37563071,6.88176605955E11,Warsaw,http://www.wikidata.org/entity/Q37907,http://commons.wikimedia.org/wiki/Special:FilePath/Flag%20of%20Poland.svg
http://www.wikidata.org/entity/Q45,Portugal,Europe,92225.0,10347892,2.53982847571E11,Lisbon,http://www.wikidata.org/entity/Q39959,http://commons.wikimedia.org/wiki/Special:FilePath/Flag%20of%20Portugal%20%28official%29.svg
http://www.wikidata.org/entity/Q165763,Principality of Waldeck,,1121.0,59000,,Bad Arolsen,,http://commons.wikimedia.org/wiki/Special:FilePath/Flag%20of%20Waldeck%20before%201830.svg
http://www.wikidata.org/entity/Q846,Qatar,Asia,11437.0,2639211,2.37295575171E11,Doha,http://www.wikidata.org/entity/Q43117,http://commons.wikimedia.org/wiki/Special:FilePath/Flag%20of%20Qatar.svg
http://www.wikidata.org/entity/Q971,Republic of the Congo,Africa,342000.0,6142180,1.461553221E10,Brazzaville,http://www.wikidata.org/entity/Q39906,http://commons.wikimedia.org/wiki/Special:FilePath/Flag%20of%20the%20Republic%20of%20the%20Congo.svg
http://www.wikidata.org/entity/Q218,Romania,Europe,238397.0,19053815,3.01261582924E11,Bucharest,http://www.wikidata.org/entity/Q42677,http://commons.wikimedia.org/wiki/Special:FilePath/Flag%20of%20Romania.svg
http://www.wikidata.org/entity/Q159,Russia,Europe,1.70754E7,146119928,2.240422438363E12,Moscow,http://www.wikidata.org/entity/Q36541,http://commons.wikimedia.org/wiki/Special:FilePath/Flag%20of%20Russia.svg
http://www.wikidata.org/entity/Q1037,Rwanda,Africa,26338.0,14569341,1.425164223E10,Kigali,http://www.wikidata.org/entity/Q43592,http://commons.wikimedia.org/wiki/Special:FilePath/Flag%20of%20Rwanda.svg
http://www.wikidata.org/entity/Q763,Saint Kitts and Nevis,North America,269.358763,46922,9.61563259E8,Basseterre,http://www.wikidata.org/entity/Q43146,http://commons.wikimedia.org/wiki/Special:FilePath/Flag%20of%20Saint%20Kitts%20and%20Nevis.svg
http://www.wikidata.org/entity/Q760,Saint Lucia,North America,617.012867,167591,2.065027556E9,Castries,http://www.wikidata.org/entity/Q42648,http://commons.wikimedia.org/wiki/Special:FilePath/Flag%20of%20Saint%20Lucia.svg
http://www.wikidata.org/entity/Q757,Saint Vincent and the Grenadines,North America,389.0,109897,9.48558503E8,Kingstown,http://www.wikidata.org/entity/Q42863,http://commons.wikimedia.org/wiki/Special:FilePath/Flag%20of%20Saint%20Vincent%20and%20the%20Grenadines.svg
http://www.wikidata.org/entity/Q683,Samoa,Oceania,2842.0,200010,8.43850778E8,Apia,http://www.wikidata.org/entity/Q42864,http://commons.wikimedia.org/wiki/Special:FilePath/Flag%20of%20Samoa.svg
http://www.wikidata.org/entity/Q238,San Marino,Europe,61.2,33600,1.855382833E9,San Marino,http://www.wikidata.org/entity/Q43094,http://commons.wikimedia.org/wiki/Special:FilePath/Flag%20of%20San%20Marino.svg
http://www.wikidata.org/entity/Q851,Saudi Arabia,Asia,2250000.0,33000000,1.108148978218E12,Riyadh,http://www.wikidata.org/entity/Q41433,http://commons.wikimedia.org/wiki/Special:FilePath/Flag%20of%20Saudi%20Arabia.svg
http://www.wikidata.org/entity/Q1041,Senegal,Africa,196722.0,16876720,2.7684430244E10,Dakar,http://www.wikidata.org/entity/Q60117,http://commons.wikimedia.org/wiki/Special:FilePath/Flag%20of%20Senegal.svg
http://www.wikidata.org/entity/Q403,Serbia,Europe,88499.0,6605168,6.3501748652E10,Belgrade,http://www.wikidata.org/entity/Q45155,http://commons.wikimedia.org/wiki/Special:FilePath/Flag%20of%20Serbia.svg
http://www.wikidata.org/entity/Q1042,Seychelles,Africa,459.0,119773,1.588406479E9,Victoria,http://www.wikidata.org/entity/Q43139,http://commons.wikimedia.org/wiki/Special:FilePath/Flag%20of%20Seychelles.svg
http://www.wikidata.org/entity/Q1044,Sierra Leone,Africa,71740.0,7557212,4.249234574E9,Freetown,http://www.wikidata.org/entity/Q43767,http://commons.wikimedia.org/wiki/Special:FilePath/Flag%20of%20Sierra%20Leone.svg
http://www.wikidata.org/entity/Q334,Singapore,Asia,719.1,5866139,4.66788539652E11,Singapore,http://www.wikidata.org/entity/Q41851,http://commons.wikimedia.org/wiki/Special:FilePath/Flag%20of%20Singapore.svg
http://www.wikidata.org/entity/Q26273,Sint Maarten,North America,34.0,43847,1.571564246E9,Philipsburg,http://www.wikidata.org/entity/Q160867,http://commons.wikimedia.org/wiki/Special:FilePath/Flag%20of%20Sint%20Maarten.svg
http://www.wikidata.org/entity/Q214,Slovakia,Europe,49033.720839,5409407,1.18656591909E11,Bratislava,http://www.wikidata.org/entity/Q41529,http://commons.wikimedia.org/wiki/Special:FilePath/Flag%20of%20Slovakia.svg
http://www.wikidata.org/entity/Q215,Slovenia,Europe,20271.0,2066880,6.2117768015E10,Ljubljana,http://www.wikidata.org/entity/Q58723,http://commons.wikimedia.org/wiki/Special:FilePath/Flag%20of%20Slovenia.svg
http://www.wikidata.org/entity/Q685,Solomon Islands,Insular Oceania,28400.0,611343,1.595710784E9,Honiara,http://www.wikidata.org/entity/Q43829,http://commons.wikimedia.org/wiki/Special:FilePath/Flag%20of%20the%20Solomon%20Islands.svg
http://www.wikidata.org/entity/Q1045,Somalia,Africa,637657.0,11031386,8.1261056E9,Mogadishu,http://www.wikidata.org/entity/Q126480,http://commons.wikimedia.org/wiki/Special:FilePath/Flag%20of%20Somalia.svg
http://www.wikidata.org/entity/Q34754,Somaliland,Africa,177000.0,6500000,,Hargeisa,,http://commons.wikimedia.org/wiki/Special:FilePath/Flag%20of%20Somaliland.svg
http://www.wikidata.org/entity/Q258,South Africa,Africa,1221037.0,62027503,4.05869718462E11,Pretoria,http://www.wikidata.org/entity/Q42754,http://commons.wikimedia.org/wiki/Special:FilePath/Flag%20of%20South%20Africa.svg
http://www.wikidata.org/entity/Q884,South Korea,Asia,100295.0,51466201,1.810955871381E12,Seoul,http://www.wikidata.org/entity/Q41853,http://commons.wikimedia.org/wiki/Special:FilePath/Flag%20of%20South%20Korea.svg
http://www.wikidata.org/entity/Q958,South Sudan,Africa,644329.0,12575714,,Juba,http://www.wikidata.org/entity/Q717118,http://commons.wikimedia.org/wiki/Special:FilePath/Flag%20of%20South%20Sudan.svg
http://www.wikidata.org/entity/Q29,Spain,Europe,505990.0,48592909,1.427380681295E12,Madrid,http://www.wikidata.org/entity/Q37883,http://commons.wikimedia.org/wiki/Special:FilePath/Flag%20of%20Spain.svg
http://www.wikidata.org/entity/Q854,Sri Lanka,Asia,65610.0,21444000,7.4403578363E10,Colombo,http://www.wikidata.org/entity/Q41035,http://commons.wikimedia.org/wiki/Special:FilePath/Flag%20of%20Sri%20Lanka.svg
http://www.wikidata.org/entity/Q1049,Sudan,Africa,1840687.0,40533330,5.1662241775E10,Khartoum,http://www.wikidata.org/entity/Q43762,http://commons.wikimedia.org/wiki/Special:FilePath/Flag%20of%20Sudan.svg
http://www.wikidata.org/entity/Q730,Suriname,South America,163270.0,563402,3.620655116E9,Paramaribo,http://www.wikidata.org/entity/Q43102,http://commons.wikimedia.org/wiki/Special:FilePath/Flag%20of%20Suriname.svg
http://www.wikidata.org/entity/Q34,Sweden,Europe,447425.16,10609460,6.36856236396E11,Stockholm,http://www.wikidata.org/entity/Q40442,http://commons.wikimedia.org/wiki/Special:FilePath/Flag%20of%20Sweden.svg
http://www.wikidata.org/entity/Q39,Switzerland,Europe,41291.0,9104063,8.07706035352E11,Bern,http://www.wikidata.org/entity/Q39676,http://commons.wikimedia.org/wiki/Special:FilePath/Flag%20of%20Switzerland.svg
http://www.wikidata.org/entity/Q858,Syria,Asia,185180.0,23865423,,Damascus,http://www.wikidata.org/entity/Q42778,http://commons.wikimedia.org/wiki/Special:FilePath/Flag%20of%20Syria%20%282025-%29.svg
http://www.wikidata.org/entity/Q1039,São Tomé and Príncipe,Africa,1001.0,204327,5.46680342E8,São Tomé,http://www.wikidata.org/entity/Q43772,http://commons.wikimedia.org/wiki/Special:FilePath/Flag%20of%20S%C3%A3o%20Tom%C3%A9%20and%20Pr%C3%ADncipe.svg
http://www.wikidata.org/entity/Q865,Taiwan,Asia,36193.0,23317031,,Taipei,http://www.wikidata.org/entity/Q43824,http://commons.wikimedia.org/wiki/Special:FilePath/Flag%20of%20the%20Republic%20of%20China.svg
http://www.wikidata.org/entity/Q863,Tajikistan,Asia,143100.0,9504000,1.0492123388E10,Dushanbe,http://www.wikidata.org/entity/Q42033,http://commons.wikimedia.org/wiki/Special:FilePath/Flag%20of%20Tajikistan.svg
http://www.wikidata.org/entity/Q924,Tanzania,Africa,947303.0,57310019,7.5709289056E10,Dodoma,http://www.wikidata.org/entity/Q43159,http://commons.wikimedia.org/wiki/Special:FilePath/Flag%20of%20Tanzania.svg
http://www.wikidata.org/entity/Q869,Thailand,Asia,513119.5,66188503,5.05568057004E11,Bangkok,http://www.wikidata.org/entity/Q43133,http://commons.wikimedia.org/wiki/Special:FilePath/Flag%20of%20Thailand.svg
http://www.wikidata.org/entity/Q778,The Bahamas,North America,13878.0,399440,1.43385E10,Nassau,http://www.wikidata.org/entity/Q40514,http://commons.wikimedia.org/wiki/Special:FilePath/Flag%20of%20the%20Bahamas.svg
http://www.wikidata.org/entity/Q1005,The Gambia,Africa,11300.0,2639916,2.39611102E9,Banjul,http://www.wikidata.org/entity/Q41758,http://commons.wikimedia.org/wiki/Special:FilePath/Flag%20of%20The%20Gambia.svg
http://www.wikidata.org/entity/Q574,Timor-Leste,Asia,14918.72,1243235,3.6212224E9,Dili,http://www.wikidata.org/entity/Q43153,http://commons.wikimedia.org/wiki/Special:FilePath/Flag%20of%20East%20Timor.svg
http://www.wikidata.org/entity/Q945,Togo,Africa,56785.0,7797694,9.93E9,Lomé,http://www.wikidata.org/entity/Q42860,http://commons.wikimedia.org/wiki/Special:FilePath/Flag%20of%20Togo%20%283-2%29.svg
http://www.wikidata.org/entity/Q678,Tonga,Oceania,748.506563,108020,4.69228124E8,Nukuʻalofa,http://www.wikidata.org/entity/Q41626,http://commons.wikimedia.org/wiki/Special:FilePath/Flag%20of%20Tonga.svg
http://www.wikidata.org/entity/Q754,Trinidad and Tobago,North America,5128.0,1369125,2.7899082337E10,Port of Spain,http://www.wikidata.org/entity/Q43118,http://commons.wikimedia.org/wiki/Special:FilePath/Flag%20of%20Trinidad%20and%20Tobago.svg
http://www.wikidata.org/entity/Q948,Tunisia,Africa,163610.0,11565204,4.6687298709E10,Tunis,http://www.wikidata.org/entity/Q43163,http://commons.wikimedia.org/wiki/Special:FilePath/Flag%20of%20Tunisia.svg
http://www.wikidata.org/entity/Q43,Turkey,Asia,783562.0,85372377,9.05987824096E11,Ankara,http://www.wikidata.org/entity/Q41104,http://commons.wikimedia.org/wiki/Special:FilePath/Flag%20of%20Turkey.svg
http://www.wikidata.org/entity/Q874,Turkmenistan,Asia,491210.0,6117933,,Ashgabat,http://www.wikidata.org/entity/Q41824,http://commons.wikimedia.org/wiki/Special:FilePath/Flag%20of%20Turkmenistan.svg
http://www.wikidata.org/entity/Q672,Tuvalu,Insular Oceania,25.14,10643,6.0349391E7,Funafuti,http://www.wikidata.org/entity/Q40373,http://commons.wikimedia.org/wiki/Special:FilePath/Flag%20of%20Tuvalu.svg
http://www.wikidata.org/entity/Q1036,Uganda,Africa,241038.0,47123531,4.5559202049E10,Kampala,http://www.wikidata.org/entity/Q43122,http://commons.wikimedia.org/wiki/Special:FilePath/Flag%20of%20Uganda.svg
http://www.wikidata.org/entity/Q212,Ukraine,Europe,603550.0,41167335,1.99765856765E11,Kyiv,http://www.wikidata.org/entity/Q40656,http://commons.wikimedia.org/wiki/Special:FilePath/Flag%20of%20Ukraine.svg
http://www.wikidata.org/entity/Q878,United Arab Emirates,Asia,83600.0,9890400,5.14130432653E11,Abu Dhabi,http://www.wikidata.org/entity/Q37239,http://commons.wikimedia.org/wiki/Special:FilePath/Flag%20of%20the%20United%20Arab%20Emirates.svg
http://www.wikidata.org/entity/Q145,United Kingdom,Europe,242495.0,67326569,3.070667732359E12,London,http://www.wikidata.org/entity/Q37913,http://commons.wikimedia.org/wiki/Special:FilePath/Flag%20of%20the%20United%20Kingdom%20%283-5%29.svg
http://www.wikidata.org/entity/Q30,United States,North America,9826675.0,340110988,2.875095613E13,"Washington, D.C.",http://www.wikidata.org/entity/Q37861,http://commons.wikimedia.org/wiki/Special:FilePath/Flag%20of%20the%20United%20States%20%28DDD-F-416E%20specifications%29.svg
http://www.wikidata.org/entity/Q77,Uruguay,South America,176215.0,3444263,7.1177146197E10,Montevideo,http://www.wikidata.org/entity/Q41848,http://commons.wikimedia.org/wiki/Special:FilePath/Flag%20of%20Uruguay.svg
http://www.wikidata.org/entity/Q265,Uzbekistan,Asia,448978.0,34915100,6.92389E10,Tashkent,http://www.wikidata.org/entity/Q41846,http://commons.wikimedia.org/wiki/Special:FilePath/Flag%20of%20Uzbekistan.svg
http://www.wikidata.org/entity/Q686,Vanuatu,Insular Oceania,12190.0,300019,9.83582865E8,Port Vila,http://www.wikidata.org/entity/Q42701,http://commons.wikimedia.org/wiki/Special:FilePath/Flag%20of%20Vanuatu.svg
http://www.wikidata.org/entity/Q237,Vatican City,Europe,0.49,882,,,http://www.wikidata.org/entity/Q42381,http://commons.wikimedia.org/wiki/Special:FilePath/Flag%20of%20Vatican%20City%20%282023%E2%80%93present%29.svg
http://www.wikidata.org/entity/Q717,Venezuela,South America,912050.0,31250306,,Caracas,http://www.wikidata.org/entity/Q42760,http://commons.wikimedia.org/wiki/Special:FilePath/Flag%20of%20Venezuela.svg
http://www.wikidata.org/entity/Q881,Vietnam,Asia,331690.0,96208984,4.08802379068E11,Hanoi,http://www.wikidata.org/entity/Q42683,http://commons.wikimedia.org/wiki/Special:FilePath/Flag%20of%20Vietnam.svg
http://www.wikidata.org/entity/Q805,Yemen,Asia,455503.0,28250420,,Sanaa,http://www.wikidata.org/entity/Q42842,http://commons.wikimedia.org/wiki/Special:FilePath/Flag%20of%20Yemen.svg
http://www.wikidata.org/entity/Q953,Zambia,Africa,752618.0,19610769,2.9784454056E10,Lusaka,http://www.wikidata.org/entity/Q41842,http://commons.wikimedia.org/wiki/Special:FilePath/Flag%20of%20Zambia.svg
http://www.wikidata.org/entity/Q954,Zimbabwe,Africa,390757.0,15178979,2.0678055598E10,Harare,http://www.wikidata.org/entity/Q42286,http://commons.wikimedia.org/wiki/Special:FilePath/Flag%20of%20Zimbabwe.svg
